ai_story,expected_status
"At first it was Shipment collected,then it was In Transit,then it was In Transit,then it was In Transit,then it was Out for delivery,then it was Partial delivery,finally it went to Delivered",
"At first it was Shipment collected,then it was In Transit,then it was In Transit,then it was In Transit,then it was Shipment on hold,then it was In Transit,then it was In Transit,then it was Tax payment received,then it was Customs clearance in progress,then it was Customs clearance in progress,then it was Customs clearance in progress,then it was In Transit,then it was Customs clearance in progress,then it was Released by customs. Clearance complete.,then it was In Transit,then it was In Transit,then it was In Transit,then it was Shipment on hold,then it was In Transit,then it was In Transit,then it was Partial delivery,then it was In Transit,then it was Out for delivery,finally it went to Delivered",
"At first it was Shipment manifested,then it was Shipment collected,then it was Warehouse Scan,then it was Warehouse Scan,then it was Export Scan,then it was Arrival scan,then it was Export Scan,then it was Customs clearance in progress,then it was Arrival at delivery depot,then it was Arrival scan,then it was Arrival at delivery depot,then it was Arrival at delivery depot,then it was Customs clearance in progress,then it was Arrival at delivery depot,then it was Arrival at delivery depot,then it was Delivery attempted,then it was Out for delivery,then it was Delivered,finally it went to Awaiting further instructions",
"At first it was Shipment manifested,then it was Shipment collected,then it was In Transit,then it was Warehouse Scan,then it was Export Scan,then it was Arrival scan,then it was Export Scan,then it was Customs clearance in progress,then it was Arrival scan,then it was Arrival at delivery depot,then it was Arrival at delivery depot,then it was Out for delivery,then it was Delivery attempted,then it was Delivered,finally it went to Awaiting further instructions",
"At first it was Released by customs. Clearance complete.,then it was Arrival scan,then it was Arrival at delivery depot,then it was Arrival scan,then it was Arrival at delivery depot,then it was Arrival at delivery depot,then it was Arrival at delivery depot,then it was Out for delivery,then it was Delivery attempted,then it was Delivered,then it was Delivery attempted,then it was Delivered,then it was Awaiting further instructions,then it was Arrival at delivery depot,then it was Arrival at delivery depot,then it was Arrival at delivery depot,then it was Out for delivery,then it was Delivery attempted,then it was Delivered,then it was Delivery attempted,then it was Delivered,finally it went to Awaiting further instructions",
"At first it was In Transit,then it was In Transit,then it was In Transit,then it was In Transit,then it was Arrival at delivery depot,then it was Out for delivery,then it was Scheduled for delivery,then it was Request to reschedule delivery,then it was Delivery attempted,then it was Shipment ready for collection from pick-up point,then it was Internal activity scan,then it was In Transit,then it was In Transit,then it was In Transit,then it was Arrival at delivery depot,then it was Out for delivery,then it was Scheduled for delivery,then it was Request to reschedule delivery,then it was Delivery attempted,then it was Shipment ready for collection from pick-up point,finally it went to Internal activity scan",
"At first it was Shipment manifested,then it was Shipment dropped off awaiting carrier collection,then it was Shipment collected,then it was In Transit,then it was In Transit,then it was Warehouse Scan,then it was Warehouse Scan,then it was In Transit,then it was Additional information required for customs clearance,then it was Tax payment received,then it was Released by customs. Clearance complete.,then it was Arrival scan,then it was In Transit,then it was Arrival at delivery depot,then it was Arrival scan,then it was In Transit,then it was Arrival at delivery depot,then it was Shipment ready for collection from pick-up point,then it was Out for delivery,then it was Awaiting further instructions,then it was Delivery attempted,then it was Incomplete or incorrect delivery address. Additional information or directions needed for delivery.,then it was Arrival at delivery depot,then it was Delivery attempted,then it was Arrival at delivery depot,then it was Arrival scan,then it was In Transit,then it was Arrival at delivery depot,then it was Out for delivery,then it was Delivered,then it was Awaiting further instructions,finally it went to Awaiting further instructions",
"At first it was Export Scan,then it was Customs clearance in progress,then it was Additional information required for customs clearance,then it was Tax payment received,then it was In Transit,then it was In Transit,then it was Request to reschedule delivery,then it was In Transit,then it was In Transit,then it was In Transit,then it was Out for delivery,then it was Shipment ready for collection from pick-up point,then it was Shipment collected,then it was Internal activity scan,then it was In Transit,then it was In Transit,then it was In Transit,then it was Out for delivery,then it was Shipment ready for collection from pick-up point,then it was Shipment collected,finally it went to Internal activity scan",
"At first it was Shipment collected,then it was In Transit,then it was In Transit,then it was In Transit,then it was Customs clearance in progress,then it was Customs clearance in progress,then it was In Transit,then it was Released by customs. Clearance complete.,then it was Customs clearance in progress,then it was In Transit,then it was In Transit,then it was In Transit,then it was Partial delivery,then it was Released by customs. Clearance complete.,then it was In Transit,then it was In Transit,then it was In Transit,then it was Out for delivery,finally it went to Delivered",
"At first it was Shipment collected,then it was In Transit,then it was In Transit,then it was In Transit,then it was Customs clearance in progress,then it was Customs clearance in progress,then it was Customs clearance in progress,then it was In Transit,then it was Shipment on hold,then it was In Transit,then it was Customs clearance in progress,then it was Released by customs. Clearance complete.,then it was In Transit,then it was In Transit,then it was In Transit,then it was Out for delivery,then it was Partial delivery,then it was Released by customs. Clearance complete.,then it was In Transit,then it was In Transit,then it was In Transit,then it was Out for delivery,finally it went to Delivered",
"At first it was Shipment collected,then it was In Transit,then it was Shipment on hold,then it was In Transit,then it was In Transit,then it was In Transit,then it was Shipment on hold,then it was In Transit,then it was In Transit,then it was Customs clearance in progress,then it was Customs clearance in progress,then it was Customs clearance in progress,then it was In Transit,then it was Customs clearance in progress,then it was Released by customs. Clearance complete.,then it was Shipment on hold,then it was In Transit,then it was In Transit,then it was In Transit,then it was Out for delivery,then it was In Transit,then it was Partial delivery,then it was In Transit,then it was Released by customs. Clearance complete.,then it was In Transit,then it was In Transit,then it was In Transit,then it was Out for delivery,finally it went to Delivered",
"At first it was Shipment collected,then it was In Transit,then it was In Transit,then it was In Transit,then it was Customs clearance in progress,then it was Customs clearance in progress,then it was Customs clearance in progress,then it was Shipment on hold,then it was Shipment on hold,then it was In Transit,then it was In Transit,then it was In Transit,then it was Customs clearance in progress,then it was Released by customs. Clearance complete.,then it was In Transit,then it was In Transit,then it was In Transit,then it was Shipment on hold,then it was In Transit,then it was Customs clearance in progress,then it was Out for delivery,then it was Partial delivery,then it was Released by customs. Clearance complete.,then it was In Transit,then it was In Transit,then it was In Transit,then it was Out for delivery,finally it went to Delivered",
"At first it was Shipment collected,then it was In Transit,then it was In Transit,then it was In Transit,then it was Out for delivery,then it was Partial delivery,finally it went to Delivered",